ABE;ATL;122;565;1780
ABE;DTW;93;313;1383
ABI;DFW;52;137;4455
ABQ;ATL;186;487;1599
ABQ;DAL;99;332;3114
ABQ;DFW;106;319;3503
ABQ;HOU;120;474;1867
ABQ;IAH;130;463;1614
ABQ;MCI;114;351;628
ABQ;MDW;167;567;1286
ABQ;OAK;134;611;1583
ABQ;ORD;173;547;1059
ABQ;PDX;159;460;457
ABQ;PHX;71;319;4880
ABQ;SAN;101;403;1225
ABQ;SFO;150;512;662
ABQ;SLC;94;398;1893
ABR;MSP;70;255;1320
ACT;DFW;44;139;3079
ACV;SFO;72;327;2535
ACY;ATL;118;324;354
ACY;BOS;75;228;361
ACY;FLL;150;603;1620
ACY;MCO;136;455;1574
ACY;MYR;82;224;650
ACY;PBI;144;444;306
ACY;RSW;149;709;953
ACY;TPA;142;433;661
AEX;ATL;99;406;2424
AEX;DFW;72;238;1882
ALB;ATL;143;404;1860
ALB;BWI;70;236;3319
ALB;CLT;125;562;1395
ALB;FLL;181;751;683
ALB;IAD;97;444;3
ALB;LAS;295;988;546
ALB;MCO;164;804;1352
ALB;ORD;127;566;1702
ALB;RSW;190;915;10
ALB;TPA;169;563;760
ALO;ORD;70;306;1166
AMA;DAL;67;217;2381
AMA;DEN;80;379;1105
AMA;IAH;102;509;1759
ANC;ADK;175;485;177
ANC;ADQ;55;161;874
ANC;AKN;59;192;126
ANC;BET;72;342;1759
ANC;DLG;64;256;154
ANC;HNL;361;1655;548
ANC;IAH;411;1716;163
ANC;KOA;362;1662;88
ANC;LAS;311;1538;168
ANC;MSP;326;858;1146
ANC;OGG;358;1133;132
ANC;OME;90;415;948
ANC;OTZ;92;259;961
ANC;PDX;215;820;1820
ANC;PHX;334;1046;775
ANC;SCC;102;504;835
ANC;SEA;205;882;12705
ASE;DEN;52;168;2045
ASE;DFW;124;606;559
ASE;IAH;154;502;769
ASE;LAX;127;422;1403
ASE;ORD;167;430;1150
ASE;SFO;141;371;369
ATL;ABY;52;181;1730
ATL;AGS;54;139;4689
ATL;ANC;431;1598;203
ATL;ASE;201;655;186
ATL;AZO;115;516;35
ATL;BMI;99;339;1720
ATL;BTV;156;468;596
ATL;CLT;73;219;12534
ATL;DAL;124;528;5652
ATL;DSM;123;411;1837
ATL;ECP;65;225;4020
ATL;EGE;193;610;196
ATL;ELM;130;596;28
ATL;ELP;186;718;1392
ATL;EVV;80;364;1898
ATL;FAR;175;512;78
ATL;FAY;78;321;3229
ATL;FCA;251;808;49
ATL;FNT;117;333;1895
ATL;FSD;150;465;656
ATL;GRK;133;427;1167
ATL;GTR;67;289;1824
ATL;HDN;196;556;190
ATL;HNL;539;1600;664
ATL;HPN;136;531;3623
ATL;IAD;105;450;5216
ATL;IAH;123;382;7675
ATL;ICT;128;530;1923
ATL;JAC;222;649;203
ATL;LAN;121;461;27
ATL;LEX;75;276;4501
ATL;LFT;100;308;2364
ATL;LNK;138;667;635
ATL;MBS;130;341;24
ATL;MDW;109;534;8885
ATL;MHT;157;436;656
ATL;MSN;120;374;1777
ATL;MSO;248;815;30
ATL;MTJ;203;867;70
ATL;MYR;75;260;2819
ATL;OAK;291;737;128
ATL;ONT;263;1088;6
ATL;PWM;158;491;1206
ATL;RAP;182;551;30
ATL;ROA;82;365;2918
ATL;RST;134;447;626
ATL;SCE;115;409;78
ATL;SJC;282;1266;548
ATL;SMF;276;849;1104
ATL;SRQ;90;343;3847
ATL;STX;233;1066;73
ATL;TLH;63;197;4177
ATL;TUS;217;863;1227
ATL;TVC;129;510;65
ATL;TYS;55;230;3395
ATL;XNA;108;379;3110
ATW;ATL;128;570;823
ATW;ORD;61;291;2722
AUS;ATL;134;499;6275
AUS;BNA;120;568;1234
AUS;BWI;196;671;1249
AUS;DAL;53;244;7632
AUS;DCA;193;622;655
AUS;DEN;126;487;5750
AUS;DFW;60;269;9072
AUS;DTW;177;721;561
AUS;EWR;223;673;1827
AUS;FLL;165;478;1566
AUS;HOU;48;166;2585
AUS;HRL;61;259;643
AUS;IAH;56;209;4044
AUS;JFK;231;1040;3115
AUS;LAS;162;493;2370
AUS;LAX;184;597;5143
AUS;LBB;66;251;621
AUS;LGB;174;780;945
AUS;MDW;150;426;1716
AUS;MIA;172;460;409
AUS;MSY;79;382;681
AUS;PHL;215;917;529
AUS;PHX;135;648;3141
AUS;SFO;216;680;4048
AUS;SLC;166;725;1169
AUS;SNA;169;477;312
AUS;STL;115;358;312
AVL;ATL;56;279;3659
AVL;ORD;110;322;1384
AVP;ATL;122;328;644
AVP;ORD;121;453;973
AZO;DTW;52;239;726
AZO;ORD;53;150;2495
BDL;ATL;142;701;4615
BDL;BWI;67;207;4292
BDL;CLT;120;314;3195
BDL;DCA;79;310;1297
BDL;DEN;233;1161;677
BDL;DFW;220;629;1238
BDL;DTW;104;509;2690
BDL;IAD;81;292;319
BDL;MCO;161;747;3280
BDL;MDW;128;626;1712
BDL;MIA;188;758;741
BDL;ORD;138;652;2890
BDL;PBI;173;559;668
BDL;PHL;67;314;9
BDL;RSW;180;562;777
BDL;TPA;168;602;1875
BFL;DEN;149;609;1200
BFL;PHX;93;431;1733
BFL;SFO;72;243;1285
BHM;ATL;53;198;6385
BHM;BWI;116;495;1156
BHM;DAL;98;305;1353
BHM;DFW;114;462;1188
BHM;HOU;98;269;1208
BHM;IAH;109;445;3111
BHM;LAS;220;676;667
BHM;LGA;151;399;885
BHM;MIA;118;545;1069
BHM;TPA;81;351;1250
BIL;SEA;118;393;26
BIL;SLC;81;314;2112
BIS;DEN;100;477;2519
BIS;DFW;164;439;645
BIS;MSP;85;226;2976
BJI;MSP;61;152;1329
BLI;HNL;357;1232;306
BLI;LAS;155;507;432
BLI;SEA;46;223;493
BNA;ATL;64;203;6411
BNA;BOS;153;566;1251
BNA;BWI;104;502;3653
BNA;CHS;82;269;687
BNA;CLT;81;335;2548
BNA;CMH;70;186;1245
BNA;CVG;66;322;651
BNA;DAL;103;382;1776
BNA;DEN;157;469;4009
BNA;DTW;92;410;3998
BNA;HOU;113;291;2410
BNA;IAD;114;520;62
BNA;IAH;124;573;2304
BNA;JFK;146;427;614
BNA;LAS;218;570;1756
BNA;LAX;249;677;3245
BNA;LGA;137;557;4533
BNA;MCI;88;258;2151
BNA;MIA;139;549;102
BNA;MOB;78;329;1
BNA;MSP;128;436;2047
BNA;ORD;95;332;6770
BNA;PHX;202;591;1448
BNA;RSW;118;297;201
BNA;SAN;237;980;766
BNA;SEA;271;966;368
BNA;SLC;209;760;684
BNA;STL;61;227;1239
BOI;DEN;111;415;3825
BOI;GEG;59;172;1159
BOI;IAH;217;602;650
BOI;LAX;129;628;1341
BOI;MSP;170;792;1404
BOI;OAK;90;229;1314
BOI;ORD;221;798;1043
BOI;PDX;76;270;121
BOI;PHX;120;530;2169
BOI;SEA;86;372;2051
BOI;SFO;104;420;2739
BOS;ACK;46;169;232
BOS;ATL;158;548;9183
BOS;AUS;244;659;791
BOS;BUF;82;346;2439
BOS;BWI;85;395;8597
BOS;CHS;136;419;667
BOS;CLE;109;324;3573
BOS;CLT;135;506;7024
BOS;CMH;117;302;427
BOS;CVG;134;457;553
BOS;DEN;249;1177;4723
BOS;DFW;232;985;5962
BOS;DTW;118;366;6736
BOS;EWR;74;366;8658
BOS;FLL;193;889;4282
BOS;HOU;234;689;1803
BOS;IAD;91;254;3963
BOS;IAH;234;1001;3275
BOS;JAX;159;569;1345
BOS;JFK;74;339;9785
BOS;LAS;321;1324;2005
BOS;LAX;351;1193;7935
BOS;LGA;76;330;13304
BOS;LGB;342;1673;540
BOS;MDW;144;389;2690
BOS;MIA;198;745;4540
BOS;MSN;146;608;2
BOS;MSP;174;842;3585
BOS;MSY;202;812;656
BOS;MVY;40;167;168
BOS;MYR;122;499;643
BOS;OAK;356;1292;201
BOS;PBI;184;838;3143
BOS;PHL;85;316;10294
BOS;PHX;314;889;2791
BOS;PIT;97;373;2273
BOS;RIC;96;389;4447
BOS;SAN;347;1274;1880
BOS;SAV;144;584;653
BOS;SFO;359;1304;7586
BOS;SJC;354;1056;398
BOS;SLC;294;1210;1134
BOS;SMF;348;937;96
BOS;SRQ;190;739;349
BOS;STT;243;712;318
BPT;DFW;74;319;1820
BQK;ATL;65;307;1737
BQN;EWR;224;859;572
BQN;MCO;161;637;880
BRD;MSP;50;236;1161
BRO;DFW;97;343;2005
BRO;IAH;74;368;2519
BRW;ANC;112;447;506
BRW;FAI;81;312;322
BTM;SLC;78;328;1287
BTR;ATL;91;451;4961
BTR;DCA;152;552;2
BTR;DFW;86;220;4474
BTR;IAH;68;198;4539
BTV;IAD;103;431;13
BTV;JFK;75;337;1996
BTV;LGA;74;218;88
BTV;ORD;137;537;1026
BUF;ATL;119;377;3124
BUF;CLT;106;425;2384
BUF;EWR;79;323;1013
BUF;FLL;176;871;1161
BUF;JFK;82;214;4796
BUF;LAS;264;955;1086
BUF;MSP;119;303;392
BUF;ORD;98;409;3846
BUF;PHX;257;1192;663
BUF;RSW;171;613;154
BUR;DEN;140;598;2464
BUR;OAK;65;169;7249
BUR;SEA;147;491;2020
BUR;SFO;79;280;3088
BUR;SJC;60;191;4134
BUR;SLC;114;300;1653
BUR;SMF;68;328;4127
BWI;ABQ;231;645;1002
BWI;ATL;109;285;11504
BWI;BUF;66;222;3531
BWI;CHS;91;244;2000
BWI;CLT;87;220;6652
BWI;CVG;97;425;7
BWI;DAY;81;244;1354
BWI;DEN;214;1004;3744
BWI;DFW;187;865;3468
BWI;DTW;89;273;4781
BWI;FLL;148;453;7808
BWI;HOU;184;596;2062
BWI;JAX;113;383;2178
BWI;MCO;130;529;6093
BWI;MDW;110;320;3791
BWI;MEM;129;523;763
BWI;MHT;82;313;4323
BWI;MIA;156;487;2164
BWI;MKE;112;425;1700
BWI;MSP;148;453;2055
BWI;MSY;153;659;1618
BWI;OKC;175;584;650
BWI;ORD;120;330;4770
BWI;ORF;53;191;2244
BWI;PDX;314;848;124
BWI;PIT;59;170;1872
BWI;PWM;86;235;1948
BWI;ROC;68;327;1409
BWI;RSW;148;490;2398
BWI;SDF;94;436;2215
BWI;SJU;244;635;1235
BWI;SLC;259;983;1972
BWI;STL;120;341;2357
BZN;ATL;231;1060;192
BZN;DEN;98;369;1702
CAE;ATL;60;180;5347
CAE;DFW;157;643;1857
CAE;IAD;87;397;371
CAE;IAH;148;467;560
CAE;LGA;129;497;788
CAE;ORD;125;560;1151
CAK;ATL;98;356;4046
CAK;BOS;102;305;585
CAK;DCA;65;243;530
CAK;EWR;93;392;223
CAK;LAS;252;966;94
CAK;MCO;134;509;1083
CAK;ORD;83;338;2397
CDV;ANC;47;193;654
CHA;ATL;47;164;5401
CHA;DTW;105;380;899
CHO;ATL;92;438;1839
CHO;ORD;113;505;1655
CHS;ATL;69;302;6357
CHS;DFW;169;565;474
CHS;EWR;121;304;2404
CHS;HOU;142;576;673
CHS;IAH;154;665;1135
CHS;MDW;121;600;1070
CHS;MIA;100;426;497
CHS;OKC;155;514;1
CID;ATL;122;540;1739
CID;DFW;121;314;1954
CID;LAX;280;828;1
CID;MSP;70;202;1386
CID;ORD;65;315;5254
CIU;DTW;76;361;1192
CLD;LAX;46;200;1254
CLE;ATL;102;507;5661
CLE;BDL;95;456;258
CLE;BNA;83;394;1573
CLE;BWI;71;338;2332
CLE;CHS;112;351;22
CLE;CLT;94;293;2296
CLE;DFW;162;737;3055
CLE;DTW;51;130;1288
CLE;EWR;92;415;3048
CLE;FLL;166;744;1647
CLE;IAD;78;387;672
CLE;IAH;172;530;2293
CLE;JFK;103;280;562
CLE;LAS;249;1046;2744
CLE;LAX;280;1220;1598
CLE;LGA;101;253;4914
CLE;MCO;142;695;2750
CLE;MDW;69;232;3540
CLE;MKE;77;255;1498
CLE;MSP;113;491;1419
CLE;MYR;99;316;336
CLE;ORD;80;234;7780
CLE;PHX;245;1114;1446
CLE;RDU;87;276;762
CLE;RSW;158;670;1232
CLE;SEA;276;794;301
CLE;SFO;289;1149;885
CLE;SJU;256;974;86
CLE;STL;95;443;953
CLE;TPA;146;480;1067
CLL;DFW;56;276;3034
CLT;ABQ;205;900;190
CLT;AUS;164;465;840
CLT;CHS;59;289;389
CLT;CMH;79;365;40
CLT;DAB;86;240;10
CLT;DFW;156;520;7912
CLT;GSO;50;245;285
CLT;HOU;144;630;748
CLT;IAD;81;234;25
CLT;ILM;60;219;323
CLT;MDT;91;265;246
CLT;MDW;105;522;1233
CLT;MYR;59;227;12
CLT;ORD;120;356;9184
CLT;SDF;82;247;16
CLT;SEA;314;1430;1660
CLT;SJU;222;727;1415
CLT;SMF;299;1068;385
CLT;STT;225;1109;674
CLT;STX;233;993;58
CMH;ATL;90;412;6503
CMH;BWI;73;272;2779
CMH;DCA;71;267;579
CMH;DEN;175;529;1568
CMH;DFW;151;678;2939
CMH;FLL;153;728;620
CMH;JFK;110;423;1063
CMH;LAS;241;657;1238
CMH;LGA;106;316;2624
CMH;MDW;66;201;3566
CMH;MIA;162;762;1168
CMH;MSP;114;533;931
CMH;OAK;279;900;228
CMH;ORD;79;258;6446
CMH;PHX;233;745;2095
CMH;RSW;143;477;963
CMH;STL;77;329;1178
CMH;TPA;128;554;1345
CMI;DFW;128;614;641
CMI;ORD;56;268;3354
COD;DEN;89;310;605
COD;ORD;168;542;17
COS;ATL;177;721;609
COS;DEN;44;154;4055
COS;DFW;111;350;2105
COS;IAH;140;537;1775
COS;LAX;149;715;1277
COS;ORD;158;579;1817
COS;SEA;170;773;655
COS;SFO;165;676;10
COS;SLC;98;490;1185
COU;DFW;100;352;1261
COU;ORD;78;326;1236
CPR;DEN;64;257;1864
CPR;SLC;74;294;1627
CRP;DFW;82;381;2793
CRP;IAH;62;156;4165
CRW;ATL;81;348;2577
CRW;ORD;92;322;1099
CSG;ATL;43;125;2119
CVG;ATL;85;304;4727
CVG;BDL;124;451;26
CVG;CLT;88;285;165
CVG;DCA;92;440;60
CVG;DFW;144;469;4058
CVG;DTW;68;317;830
CVG;FLL;147;644;982
CVG;IAH;150;646;2124
CVG;JFK;127;410;608
CVG;LAS;233;834;1283
CVG;LAX;260;1147;1061
CVG;LGA;122;493;195
CVG;MCI;101;450;146
CVG;MCO;126;408;1770
CVG;MEM;88;423;212
CVG;MIA;157;396;1198
CVG;MKE;79;340;696
CVG;MSN;84;271;72
CVG;ORD;77;198;7730
CVG;PHX;222;571;193
CVG;PIT;73;283;12
CVG;RDU;85;299;18
CVG;RIC;84;306;2
CVG;RSW;138;508;839
CVG;SEA;265;940;260
CVG;SFO;274;808;458
CVG;SLC;208;599;1043
CVG;STL;75;191;97
CVG;TPA;122;485;627
CVG;XNA;106;511;370
CWA;ORD;68;215;2671
DAB;ATL;79;201;2965
DAL;BOS;225;1059;226
DAL;BWI;178;708;2140
DAL;CHS;146;472;262
DAL;CLT;146;382;226
DAL;CMH;140;475;473
DAL;DEN;112;498;2939
DAL;ECP;109;455;303
DAL;FLL;166;791;1712
DAL;HOU;60;294;12116
DAL;IAH;67;194;924
DAL;IND;121;578;472
DAL;LBB;63;187;3052
DAL;LGA;210;557;4935
DAL;MAF;67;288;2959
DAL;MDW;128;514;3876
DAL;MKE;135;401;471
DAL;MSY;80;335;4751
DAL;OKC;51;252;1841
DAL;PDX;225;726;471
DAL;PHL;192;662;226
DAL;PIT;156;667;227
DAL;SEA;236;837;684
DAL;SNA;178;871;1060
DAL;STL;94;359;4163
DAL;TPA;141;590;1336
DAY;ATL;91;371;2596
DAY;DEN;162;616;906
DAY;DFW;144;603;1815
DAY;IAD;81;328;3
DAY;LGA;117;329;725
DAY;ORD;72;346;5051
DBQ;ORD;56;263;1736
DCA;ACK;90;311;79
DCA;ATL;106;475;12683
DCA;BNA;99;414;1912
DCA;BOS;91;446;14827
DCA;CHS;90;283;1278
DCA;CLE;78;350;2710
DCA;CLT;84;394;4879
DCA;DAL;176;834;4892
DCA;DEN;215;566;2609
DCA;DFW;185;859;6176
DCA;DTW;89;426;3379
DCA;EWR;73;192;2761
DCA;FLL;148;497;4872
DCA;GSP;84;296;6
DCA;HOU;183;488;2427
DCA;HPN;69;331;6
DCA;HSV;114;300;46
DCA;IAH;185;870;3980
DCA;JFK;82;336;1776
DCA;LAS;286;758;647
DCA;MIA;156;756;5835
DCA;MKE;111;452;1883
DCA;MSP;147;712;3287
DCA;ORD;117;314;11421
DCA;PBI;145;515;1920
DCA;PHL;58;263;205
DCA;PHX;276;812;1916
DCA;PNS;133;526;17
DCA;PVD;83;278;86
DCA;PWM;93;460;83
DCA;RDU;68;338;55
DCA;SDF;100;499;4
DCA;SEA;318;1064;1311
DCA;SJU;225;754;661
DCA;SLC;256;1110;1252
DCA;STL;117;414;1901
DCA;SYR;74;366;62
DEN;ABQ;75;217;3202
DEN;ALB;221;719;18
DEN;ANC;315;1379;819
DEN;ATL;181;797;9988
DEN;BHM;168;582;657
DEN;BIL;88;258;2188
DEN;BMI;136;427;6
DEN;CAK;176;635;539
DEN;CID;122;517;1463
DEN;CLE;179;476;2586
DEN;CLT;203;931;3767
DEN;CVG;168;584;1827
DEN;DFW;119;556;11954
DEN;DRO;68;242;1114
DEN;DTW;173;499;5324
DEN;EGE;58;257;12
DEN;GJT;61;256;899
DEN;GSO;198;603;265
DEN;HNL;416;1634;657
DEN;HSV;171;673;307
DEN;IAH;142;468;9223
DEN;ICT;87;350;1696
DEN;JFK;244;694;1613
DEN;JMS;109;308;777
DEN;KOA;419;1380;169
DEN;LAX;140;491;11320
DEN;LFT;162;634;340
DEN;LGA;238;1094;6391
DEN;LIH;430;1444;82
DEN;MAF;107;432;2103
DEN;MCO;221;1081;5726
DEN;MDT;213;638;4
DEN;MIA;245;1101;2662
DEN;MMH;134;460;18
DEN;OGG;417;1129;335
DEN;OKC;93;316;3483
DEN;OTH;162;768;53
DEN;PBI;237;858;147
DEN;PHF;211;953;5
DEN;PHX;106;494;14289
DEN;PUB;48;165;508
DEN;RKS;68;318;1226
DEN;SAT;127;533;3409
DEN;SGU;100;304;1162
DEN;STL;125;312;3674
DEN;SUN;108;363;214
DEN;TUL;100;425;2904
DFW;AMA;72;189;2240
DFW;ANC;387;1782;236
DFW;ATL;131;344;13892
DFW;BMI;125;614;1253
DFW;BNA;111;412;5334
DFW;CHA;127;453;1232
DFW;CRW;157;439;277
DFW;DRO;120;553;1560
DFW;EGE;131;471;840
DFW;EVV;121;601;697
DFW;FLL;175;845;5310
DFW;GCK;86;299;1272
DFW;GGG;55;191;1229
DFW;GPT;101;349;1786
DFW;GSP;151;608;920
DFW;GUC;123;412;243
DFW;HDN;134;547;265
DFW;HNL;476;1699;1375
DFW;HSV;116;560;546
DFW;IAH;69;181;7741
DFW;JLN;80;397;1269
DFW;LBB;70;184;1338
DFW;LCH;76;311;1497
DFW;LGA;217;986;8661
DFW;MAF;73;357;2154
DFW;MCO;160;696;7492
DFW;MGM;117;441;1858
DFW;MIA;176;869;7230
DFW;MOB;107;471;1846
DFW;MTJ;126;580;182
DFW;MYR;161;510;122
DFW;OAK;207;929;657
DFW;OGG;460;1357;990
DFW;ORD;142;564;15104
DFW;PIA;123;497;1794
DFW;ROW;90;284;1831
DFW;SAF;104;504;1868
DFW;SDF;126;317;578
DFW;SJC;213;767;2958
DFW;SJT;60;211;3103
DFW;SPS;49;155;2340
DFW;TXK;58;255;1833
DHN;ATL;57;173;2485
DIK;DEN;100;437;655
DLH;MSP;55;175;1213
DLH;ORD;97;342;2112
DRO;PHX;81;268;1360
DSM;DEN;108;412;2097
DSM;DFW;114;391;1640
DSM;LAS;172;457;662
DSM;LGA;186;472;2
DSM;MDW;69;296;1258
DSM;SLC;154;502;149
DTW;ACY;96;389;290
DTW;ALB;96;368;985
DTW;APN;64;200;1095
DTW;ATL;113;442;9658
DTW;ATW;77;353;954
DTW;AVP;89;377;931
DTW;BGM;83;330;517
DTW;BGR;125;341;621
DTW;BHM;118;470;1158
DTW;BMI;78;235;272
DTW;BTV;107;507;1033
DTW;BUF;66;293;1618
DTW;CAK;55;160;377
DTW;CHS;122;553;562
DTW;CID;95;472;1401
DTW;CLT;105;437;6128
DTW;CMH;59;226;313
DTW;CRW;80;229;2
DTW;DAL;154;709;226
DTW;DAY;63;253;793
DTW;DFW;162;644;5177
DTW;DSM;110;475;399
DTW;ELM;76;192;2824
DTW;ERI;62;155;196
DTW;EWR;107;360;4155
DTW;FLL;174;850;5234
DTW;FWA;55;147;1941
DTW;GRB;73;280;1295
DTW;GRR;52;177;2726
DTW;GSO;97;390;803
DTW;HPN;108;335;262
DTW;HSV;110;361;178
DTW;IAH;173;453;3858
DTW;ITH;87;360;61
DTW;JFK;118;446;575
DTW;LAN;47;161;857
DTW;LEX;75;220;977
DTW;LIT;123;352;547
DTW;MBS;50;153;864
DTW;MCO;154;729;5245
DTW;MDT;84;420;1038
DTW;MEM;111;406;842
DTW;MHT;112;401;745
DTW;MIA;182;812;2388
DTW;MLI;89;309;413
DTW;MQT;89;276;35
DTW;MSY;148;488;1945
DTW;MYR;112;300;764
DTW;ORF;107;491;1169
DTW;PBI;171;539;722
DTW;PDX;261;1114;446
DTW;PVD;112;323;1577
DTW;PWM;116;383;1016
DTW;ROC;73;356;597
DTW;RST;100;474;15
DTW;SAV;124;497;332
DTW;SJU;286;1029;50
DTW;SRQ;163;520;150
DTW;SWF;100;253;38
DTW;SYR;82;263;511
DTW;TTN;96;285;430
DTW;TUL;136;491;444
DTW;TVC;62;205;1505
DTW;TYS;94;338;132
DVL;DEN;118;542;220
EAU;ORD;76;217;1270
ECP;BNA;74;335;1178
ECP;BWI;127;551;416
ECP;STL;101;348;327
EGE;JFK;267;775;210
EGE;SLC;77;275;3
EKO;SLC;55;210;1035
ELM;ORD;112;420;1161
ELP;AUS;89;370;1713
ELP;DAL;97;320;2528
ELP;DEN;110;361;1770
ELP;DFW;102;493;2660
ELP;IAH;119;536;3088
ELP;LAS;98;396;1301
ERI;ORD;90;237;1219
ESC;DTW;75;309;1105
EUG;BOI;80;261;2
EUG;DEN;161;591;1234
EUG;LAX;132;591;1013
EUG;SFO;93;233;3626
EUG;SLC;108;390;1244
EVV;DTW;83;310;1528
EVV;ORD;77;217;3300
EWN;ATL;88;417;1129
EWR;ALB;63;311;323
EWR;ANC;439;1303;14
EWR;ATL;134;468;9964
EWR;AVL;113;314;321
EWR;AVP;49;144;103
EWR;BDL;57;267;879
EWR;BNA;136;537;3589
EWR;BTV;77;293;1038
EWR;BWI;66;231;466
EWR;BZN;269;1162;94
EWR;CLT;111;541;8014
EWR;CMH;106;485;1710
EWR;CVG;120;443;2801
EWR;DAY;112;284;1416
EWR;DEN;233;779;5138
EWR;DFW;213;914;4931
EWR;DSM;169;751;378
EWR;EGE;255;979;212
EWR;FLL;173;758;6732
EWR;GRR;116;416;777
EWR;HDN;250;1126;34
EWR;HNL;609;2050;648
EWR;HOU;210;753;1675
EWR;IAD;75;224;1365
EWR;IAH;213;676;6427
EWR;IND;126;320;2359
EWR;JAC;269;1041;80
EWR;MDW;127;542;3394
EWR;MHT;74;304;1344
EWR;MIA;177;571;5309
EWR;MSN;139;575;607
EWR;MTJ;260;976;43
EWR;MYR;116;354;16
EWR;OKC;211;948;295
EWR;PHL;61;185;2
EWR;PHX;293;786;4132
EWR;PIT;86;353;806
EWR;PVD;66;250;702
EWR;PWM;83;262;1178
EWR;RDU;97;251;1695
EWR;SBN;122;486;610
EWR;SRQ;171;739;195
EWR;STT;249;1148;469
EWR;SYR;72;198;971
EWR;TVC;123;518;52
EWR;XNA;188;670;420
EYW;ATL;112;340;2816
FAI;ANC;60;265;996
FAI;SEA;214;705;2622
FAR;DEN;116;497;2418
FAR;DFW;158;634;707
FAR;ORD;114;448;4051
FAT;DEN;141;610;1994
FAT;DFW;198;727;1208
FAT;LAX;69;217;3675
FAT;PHX;101;419;935
FAT;SAN;70;195;388
FAT;SEA;125;576;1750
FAT;SFO;57;231;2014
FAT;SLC;99;450;1710
FCA;DEN;133;493;1521
FCA;MSO;54;168;1
FLL;ATL;108;344;14752
FLL;BDL;178;785;1860
FLL;BNA;129;369;1537
FLL;BQN;145;670;324
FLL;CHS;94;290;86
FLL;CLT;116;378;4828
FLL;DEN;239;773;2405
FLL;HOU;147;683;1353
FLL;IAH;153;523;3679
FLL;IND;156;704;609
FLL;JAX;73;333;1447
FLL;JFK;175;699;8648
FLL;LAS;291;849;2055
FLL;LBE;154;730;544
FLL;LGA;176;852;10314
FLL;MCO;59;266;1331
FLL;MSY;111;390;1848
FLL;ORH;181;730;634
FLL;PHX;275;990;1342
FLL;STT;164;412;612
FLL;SWF;180;840;661
FNT;BWI;88;289;1048
FNT;ORD;66;166;3539
FSD;DEN;96;333;2594
FSD;DFW;131;330;664
FSD;ORD;100;363;3898
FSM;ATL;108;363;1330
FSM;DFW;64;180;2491
FWA;ATL;104;496;2139
FWA;DFW;146;425;1253
FWA;ORD;58;206;4292
GCC;DEN;76;333;1253
GCC;RKS;65;226;51
GEG;DEN;131;464;2651
GEG;MDW;212;845;124
GEG;MSP;172;588;1536
GEG;OAK;115;320;1274
GEG;PHX;153;584;1838
GEG;SEA;63;306;6311
GEG;SLC;99;470;2396
GFK;MSP;75;302;1427
GJT;DFW;132;550;1649
GJT;PHX;98;445;1974
GNV;ATL;74;269;4137
GNV;MIA;69;327;1141
GPT;ATL;77;226;2804
GPT;IAH;83;382;2452
GRB;ATL;130;604;797
GRB;ORD;60;289;5261
GRI;DFW;106;308;1218
GRK;DFW;51;223;5003
GRR;ATL;111;278;2569
GRR;BWI;97;398;1267
GRR;CVG;69;336;337
GRR;DEN;158;517;1455
GRR;DFW;156;574;1453
GRR;MCO;156;572;607
GRR;MSP;84;278;2194
GRR;ORD;56;266;5559
GRR;RSW;172;801;199
GRR;STL;74;306;642
GRR;TPA;156;741;318
GSO;ATL;75;202;5301
GSO;DFW;168;724;979
GSO;EWR;97;393;1615
GSO;LGA;104;501;2322
GSO;MIA;127;528;290
GSP;ATL;54;241;4901
GSP;BWI;84;319;739
GSP;DTW;103;406;431
GSP;EWR;117;578;1302
GSP;HOU;131;434;631
GTF;DEN;114;322;1514
GTF;SLC;90;388;1772
GUC;DEN;56;213;525
GUM;HNL;442;1448;662
HDN;DEN;60;193;183
HIB;MSP;60;268;1117
HLN;DEN;112;338;656
HLN;SLC;84;372;1728
HNL;ITO;53;149;9571
HNL;KOA;46;156;12707
HNL;LAX;335;1108;10396
HNL;LIH;38;151;11695
HNL;OGG;39;163;16514
HNL;PPG;334;884;213
HNL;SFO;312;1428;4075
HOU;ATL;121;318;8022
HOU;CRP;49;147;2468
HOU;DEN;138;632;3499
HOU;DFW;71;195;3012
HOU;ECP;99;435;974
HOU;ELP;108;438;1804
HOU;HRL;59;284;3059
HOU;LAX;197;731;3064
HOU;LBB;89;425;13
HOU;MCO;136;511;2794
HOU;MDW;146;434;4061
HOU;OKC;79;341;2381
HOU;PHX;152;484;2762
HOU;PIT;168;799;658
HOU;PNS;87;295;660
HOU;RSW;133;499;35
HOU;SAT;52;235;2560
HOU;SEA;261;1154;293
HOU;SJU;267;1226;75
HOU;SNA;189;943;768
HOU;TUL;85;391;1829
HPN;FLL;175;791;1307
HPN;ORD;138;475;3343
HPN;PBI;165;639;2021
HPN;RSW;172;628;645
HPN;TPA;165;623;647
HRL;IAH;71;189;2344
HSV;ATL;54;267;4886
HSV;ORD;109;334;1156
HYS;DEN;71;284;1118
IAD;AUS;195;636;260
IAD;BUF;76;316;72
IAD;CHS;102;453;8
IAD;CMH;82;393;68
IAD;CVG;82;274;147
IAD;DEN;209;745;6188
IAD;DFW;181;743;2585
IAD;DTW;90;293;1374
IAD;FLL;153;614;161
IAD;GRR;117;312;4
IAD;GSO;68;201;120
IAD;GSP;86;276;16
IAD;HDN;227;762;30
IAD;HNL;580;1950;332
IAD;HSV;113;479;8
IAD;IAH;183;569;2658
IAD;JAC;249;746;35
IAD;JFK;76;323;1822
IAD;LAS;282;806;2327
IAD;LGA;82;294;344
IAD;MCO;130;502;3282
IAD;MDW;105;394;1312
IAD;MEM;128;525;141
IAD;MIA;158;519;1603
IAD;MSN;104;443;1
IAD;MSP;146;498;1163
IAD;MSY;145;670;462
IAD;ORF;59;286;154
IAD;PBI;147;680;112
IAD;PIT;63;218;427
IAD;PVD;91;387;115
IAD;RDU;63;222;773
IAD;ROA;68;304;10
IAD;ROC;82;229;222
IAD;RSW;149;717;170
IAD;SAT;217;546;21
IAD;SAV;104;417;171
IAD;SJU;224;679;337
IAD;STL;128;483;18
IAD;STT;235;879;297
IAD;TPA;132;552;1962
IAD;TTN;105;282;1
IAD;UST;116;418;6
IAG;FLL;174;610;395
IAH;AEX;58;276;1803
IAH;AGS;135;385;1
IAH;BDL;232;818;5
IAH;BFL;211;543;956
IAH;BWI;186;928;1956
IAH;BZN;209;1034;41
IAH;CLL;42;131;1364
IAH;CLT;154;693;6941
IAH;CMH;164;601;1838
IAH;CRW;159;641;554
IAH;DSM;142;529;929
IAH;ECP;109;341;1063
IAH;EGE;158;578;265
IAH;GJT;160;429;506
IAH;GRK;58;273;1574
IAH;GRR;168;737;603
IAH;GSP;145;725;982
IAH;GUC;147;507;136
IAH;HDN;161;431;380
IAH;HNL;475;2014;658
IAH;HOB;99;387;1086
IAH;HSV;113;389;1738
IAH;ICT;106;504;2107
IAH;IND;145;617;1858
IAH;ISN;206;842;603
IAH;JAC;191;583;198
IAH;JAX;139;620;1220
IAH;LCH;48;123;2110
IAH;LEX;141;697;612
IAH;LRD;74;265;1794
IAH;MAF;89;270;4014
IAH;MIA;155;675;5684
IAH;MSN;158;584;2
IAH;MTJ;154;388;339
IAH;OAK;232;1152;349
IAH;ONT;197;753;927
IAH;ORF;186;652;567
IAH;PIA;139;482;512
IAH;RAP;164;722;47
IAH;RNO;217;773;61
IAH;SDF;141;466;1126
IAH;SJC;231;843;909
IAH;STL;126;454;1436
IAH;STT;280;792;44
IAH;TYR;57;203;1331
IAH;XNA;98;405;2103
ICT;DAL;70;175;1176
ICT;DFW;78;232;1540
ICT;MDW;103;345;1198
ICT;ORD;116;468;4102
IDA;DEN;95;401;1779
IDA;SLC;56;189;2637
ILM;ATL;83;273;3190
IMT;RHI;41;164;554
IND;ATL;89;271;7585
IND;BOS;139;636;591
IND;BWI;97;337;1995
IND;CLT;96;453;1346
IND;DCA;94;301;1395
IND;DEN;151;426;3704
IND;DFW;131;383;3114
IND;DTW;67;203;1473
IND;HOU;135;424;1065
IND;IAD;98;276;53
IND;JFK;134;366;279
IND;LAS;219;1034;1704
IND;MCI;82;397;1212
IND;MSP;96;266;1864
IND;PHX;211;818;2593
IND;RDU;90;274;66
IND;RSW;145;600;1483
IND;SFO;265;752;624
IND;SLC;196;671;170
INL;BRD;59;203;4
INL;HIB;44;156;637
ISN;DEN;113;549;2267
ISN;MSP;109;389;2108
ISP;BWI;65;235;2972
ISP;FLL;167;515;1092
ISP;MCO;151;415;2070
ISP;PBI;160;730;1357
ISP;TPA;160;614;943
ITO;OGG;39;154;1334
JAC;DEN;85;299;1989
JAC;DFW;166;794;729
JAN;ATL;77;295;4557
JAN;DFW;91;289;4379
JAN;IAH;80;258;3788
JAN;ORD;129;338;1095
JAX;ATL;69;340;10157
JAX;BNA;85;394;1794
JAX;CLT;79;367;4150
JAX;DCA;112;454;1326
JAX;DEN;203;946;673
JAX;DFW;148;523;2448
JAX;DTW;134;526;461
JAX;EWR;145;379;1847
JAX;HOU;128;355;736
JAX;IAD;120;597;26
JAX;JFK;143;385;1874
JAX;MSP;177;760;362
JAX;PHL;131;578;760
JFK;ABQ;263;976;542
JFK;ACK;66;234;661
JFK;ATL;142;369;3776
JFK;BQN;222;815;883
JFK;BUR;339;905;631
JFK;BWI;74;234;610
JFK;CHS;121;428;2354
JFK;CLT;114;565;4999
JFK;DFW;222;626;1089
JFK;HNL;620;1899;628
JFK;HOU;218;620;665
JFK;HYA;61;187;163
JFK;JAC;283;1075;8
JFK;LAS;314;1035;7287
JFK;MCO;161;628;10494
JFK;MIA;181;634;7045
JFK;MSP;172;692;1653
JFK;MVY;59;185;242
JFK;OAK;346;1498;563
JFK;ORD;146;403;3077
JFK;PHX;304;977;4556
JFK;PSP;330;1551;63
JFK;RNO;332;951;334
JFK;SAV;130;648;1312
JFK;SFO;355;1250;16607
JFK;SJC;351;1120;570
JFK;SLC;286;1336;3641
JFK;SMF;339;1614;558
JFK;SRQ;169;446;653
JFK;STT;242;991;1077
JMS;DVL;42;194;721
JNU;ANC;101;461;2044
JNU;GST;32;97;150
JNU;KTN;59;230;659
JNU;SIT;41;199;1395
JNU;YAK;51;193;650
KOA;OGG;35;138;1671
KOA;SAN;331;1238;231
KTN;WRG;37;105;650
LAN;ORD;60;198;1678
LAR;DEN;48;158;1110
LAS;ABQ;85;230;2517
LAS;AMA;118;490;660
LAS;ATL;242;951;8149
LAS;BDL;302;1120;532
LAS;BOI;99;459;1303
LAS;BUR;59;148;6080
LAS;BWI;284;995;3390
LAS;CLT;267;1169;3082
LAS;DAL;159;508;2840
LAS;DEN;108;341;12400
LAS;DFW;164;820;8422
LAS;DTW;243;759;5839
LAS;EWR;304;1484;3356
LAS;FNT;234;970;665
LAS;GEG;131;335;1290
LAS;HNL;359;1319;1619
LAS;HOU;179;713;2802
LAS;IAH;183;603;5509
LAS;ICT;145;476;665
LAS;JAX;261;1088;246
LAS;LGB;64;318;2261
LAS;MAF;123;550;1107
LAS;MCI;165;818;3200
LAS;MDW;213;724;5369
LAS;MHT;308;770;18
LAS;MIA;297;1086;2772
LAS;MSP;187;755;5060
LAS;OKC;146;649;1319
LAS;OMA;158;773;1668
LAS;ONT;53;262;2736
LAS;ORD;221;618;8399
LAS;PDX;127;377;5120
LAS;PHX;65;324;10871
LAS;SAT;155;642;2538
LAS;SFO;89;415;15757
LAS;SLC;77;294;7456
LAS;SNA;59;292;4792
LAS;TPA;267;1297;1141
LAS;TUS;71;334;2198
LAW;DFW;51;152;2474
LAX;ABQ;115;414;3612
LAX;ANC;314;1102;762
LAX;ATL;269;1210;11250
LAX;BWI;314;1511;2206
LAX;BZN;156;721;279
LAX;CLT;298;1114;3896
LAX;CMH;274;843;1169
LAX;DAL;185;896;4914
LAX;DCA;320;1450;1976
LAX;DFW;188;671;13075
LAX;DTW;276;1119;3992
LAX;EGE;133;578;210
LAX;ELP;118;541;1814
LAX;EWR;334;1244;9063
LAX;FLL;310;850;3480
LAX;GEG;163;415;312
LAX;HDN;130;535;122
LAX;IAD;310;855;7063
LAX;IAH;202;738;8562
LAX;ICT;186;653;114
LAX;IND;251;1127;1567
LAX;ITO;313;1479;516
LAX;JAC;142;368;486
LAX;JFK;343;1274;23704
LAX;KOA;324;1472;2746
LAX;LAS;70;308;19173
LAX;LIH;338;1321;2579
LAX;MCI;195;893;1965
LAX;MDW;244;901;3648
LAX;MIA;316;1299;6006
LAX;MSN;228;875;2
LAX;MSP;222;1070;6150
LAX;MSY;230;932;3689
LAX;MTJ;120;589;56
LAX;OGG;324;1346;5375
LAX;OMA;187;884;126
LAX;ORD;251;647;15957
LAX;PBI;315;857;154
LAX;PHL;331;854;3720
LAX;PHX;85;219;14545
LAX;RDU;307;795;1606
LAX;RNO;86;311;3772
LAX;SAF;124;514;440
LAX;SEA;159;435;15441
LAX;SMX;58;206;493
LAX;STL;223;824;2905
LBB;DEN;93;278;1172
LBB;IAH;95;448;2059
LBB;LAS;120;339;657
LBE;LAS;264;904;343
LBE;RSW;155;721;128
LBE;TPA;140;508;174
LEX;DCA;91;374;4
LEX;DFW;139;413;1475
LEX;LGA;117;360;82
LEX;ORD;82;289;3837
LFT;DFW;84;329;3093
LFT;IAH;62;166;4227
LGA;AGS;118;549;2
LGA;ATL;141;425;15908
LGA;BGR;89;407;105
LGA;BUF;83;376;696
LGA;BZN;262;1155;20
LGA;CAK;89;429;958
LGA;CHO;82;338;709
LGA;CHS;126;528;270
LGA;CLT;116;290;7038
LGA;DCA;80;247;7923
LGA;DTW;111;466;8488
LGA;EYW;230;597;2
LGA;GRR;118;574;403
LGA;GSP;123;504;12
LGA;HOU;214;930;1781
LGA;IAH;216;902;4460
LGA;ILM;99;494;157
LGA;IND;127;571;304
LGA;JAX;150;458;184
LGA;MCI;180;879;1320
LGA;MEM;160;551;74
LGA;MHT;75;289;242
LGA;MIA;183;526;12255
LGA;MKE;133;578;2301
LGA;MSP;169;673;4213
LGA;MTJ;269;851;4
LGA;OMA;185;676;252
LGA;ORF;90;412;787
LGA;PHL;57;255;392
LGA;PIT;92;361;425
LGA;PWM;77;366;111
LGA;SDF;138;683;515
LGA;SRQ;173;821;842
LGA;SYR;73;337;139
LGA;TVC;123;413;90
LGA;TYS;132;385;122
LGA;XNA;180;875;957
LGB;ANC;308;1294;236
LGB;JFK;334;965;1194
LGB;SEA;153;584;1570
LGB;SLC;107;281;3886
LGB;SMF;79;323;1309
LIH;OGG;48;195;2639
LIH;PDX;342;970;201
LIT;ATL;89;317;3926
LIT;BWI;140;414;620
LIT;DAL;62;211;2009
LIT;DEN;134;519;1198
LIT;DFW;76;240;2535
LIT;IAH;86;401;3496
LIT;LAS;182;704;663
LIT;LGA;180;691;135
LIT;MDW;96;397;637
LIT;ORD;110;362;3883
LIT;PHX;167;593;663
LNK;DEN;86;281;1504
LNK;ORD;100;376;2232
LRD;DFW;84;416;2467
LSE;ORD;68;243;2202
LWS;SLC;88;314;1174
MAF;HOU;80;233;2200
MCI;ATL;120;463;6920
MCI;BOS;189;475;1178
MCI;BWI;149;437;1554
MCI;CLT;140;539;2468
MCI;DAL;85;279;4280
MCI;DCA;149;559;1257
MCI;DEN;98;376;4178
MCI;DFW;96;393;5004
MCI;DLH;91;406;1
MCI;DTW;114;502;2826
MCI;EWR;180;713;1223
MCI;FLL;181;569;651
MCI;HOU;113;302;1210
MCI;IAD;156;669;12
MCI;IAH;123;317;3275
MCI;LNK;51;130;1
MCI;MCO;162;604;1796
MCI;MIA;193;802;406
MCI;MKE;83;400;1215
MCI;MSP;82;347;3787
MCI;MSY;109;286;662
MCI;ORD;92;313;4205
MCI;PHX;157;617;3635
MCI;RSW;168;761;100
MCI;SAN;187;568;956
MCI;SFO;226;909;1137
MCI;SNA;193;762;80
MCI;STL;56;143;2387
MCO;ABQ;215;547;196
MCO;ATL;88;254;16292
MCO;AUS;153;534;1977
MCO;BHM;88;267;1312
MCO;BMI;150;481;66
MCO;BNA;106;514;2792
MCO;BOS;177;479;5603
MCO;BUF;151;396;3029
MCO;CLT;98;404;5877
MCO;CMH;127;473;2085
MCO;DAL;151;583;2011
MCO;DAY;129;563;690
MCO;DCA;132;546;6603
MCO;EWR;157;522;9381
MCO;FNT;154;732;672
MCO;HPN;158;477;2414
MCO;IAH;141;615;5171
MCO;ILG;141;465;122
MCO;IND;134;408;2548
MCO;LAS;277;1246;1875
MCO;LAX;301;988;4795
MCO;LBE;136;621;622
MCO;LGA;162;611;7631
MCO;MDT;145;714;170
MCO;MIA;65;167;6024
MCO;MSN;175;736;32
MCO;MSP;195;746;3166
MCO;OMA;177;720;260
MCO;ORH;166;624;634
MCO;PHX;259;691;2565
MCO;PWM;180;677;14
MCO;SFO;326;1345;1575
MCO;SLC;264;790;2472
MCO;STL;138;521;3032
MCO;SWF;166;571;654
MCO;SYR;162;731;666
MDT;ATL;112;489;1897
MDW;ALB;120;358;1308
MDW;BHM;99;304;1235
MDW;BNA;81;255;4014
MDW;BOI;206;517;124
MDW;BUF;90;333;1882
MDW;DCA;108;286;5434
MDW;DEN;140;381;5287
MDW;DTW;67;295;5484
MDW;FLL;177;529;2266
MDW;GSP;98;284;1230
MDW;JAX;133;412;656
MDW;LGA;131;448;4166
MDW;MCI;80;299;4790
MDW;MCO;155;590;5032
MDW;MSY;129;483;1696
MDW;OAK;254;865;1959
MDW;PBI;174;591;14
MDW;PHL;118;438;3622
MDW;PHX;204;925;4432
MDW;PVD;135;405;1719
MDW;PWM;133;637;18
MDW;SAT;156;534;1352
MDW;SFO;258;1105;1511
MDW;TPA;151;460;2846
MEI;DFW;98;332;892
MEM;ATL;77;274;6170
MEM;AUS;99;397;16
MEM;CLT;104;490;1355
MEM;DAL;80;257;922
MEM;DEN;146;525;1424
MEM;DFW;92;382;1677
MEM;EWR;164;705;1899
MEM;HOU;90;392;1235
MEM;IAH;101;476;3350
MEM;LAS;200;822;94
MEM;LAX;230;669;512
MEM;MCO;116;438;759
MEM;MDW;93;270;1207
MEM;MIA;148;722;294
MEM;ORD;109;465;4228
MEM;TPA;109;491;663
MFE;DFW;92;446;2801
MFE;IAH;75;228;3782
MFR;DEN;159;766;1027
MFR;SFO;80;322;2529
MFR;SLC;105;337;1302
MGM;ATL;54;163;4370
MHK;DFW;90;329;1898
MHK;ORD;104;448;1233
MHT;FLL;198;611;14
MHT;MCO;175;563;1379
MHT;MDW;132;532;1701
MHT;ORD;149;740;945
MHT;PHX;350;1495;1
MHT;TPA;180;881;882
MIA;ATL;113;364;10222
MIA;CLE;173;604;505
MIA;CLT;122;323;5892
MIA;EGE;261;1032;245
MIA;EYW;46;166;1070
MIA;GSP;123;461;2
MIA;JAX;78;386;656
MIA;OKC;186;913;2
MIA;ORD;188;917;8175
MIA;PBI;49;159;1
MIA;PHL;169;519;5233
MIA;SAN;302;1144;770
MIA;SLC;290;1205;321
MKE;ATL;117;449;6269
MKE;BOS;141;626;1174
MKE;DEN;145;662;4003
MKE;DFW;145;593;1946
MKE;DTW;69;192;3424
MKE;EWR;136;560;2050
MKE;FLL;186;866;738
MKE;IAH;164;532;1692
MKE;LAS;211;862;2174
MKE;LAX;241;618;756
MKE;MCO;163;466;2481
MKE;MSP;71;207;4425
MKE;MSY;135;538;217
MKE;ORD;49;130;9192
MKE;PHX;209;910;2796
MKE;RSW;174;666;1031
MKE;STL;69;293;1175
MKE;TPA;159;721;1220
MLB;ATL;89;411;2649
MLI;ATL;112;411;1506
MLI;DEN;130;622;365
MLI;DFW;126;377;1795
MLI;ORD;56;252;3049
MLU;ATL;92;233;2370
MLU;DFW;74;309;1846
MLU;IAH;69;177;1544
MOB;ATL;74;185;4465
MOB;IAH;89;419;2955
MOB;ORD;140;650;551
MOT;DEN;112;327;2004
MOT;MSP;94;382;1628
MQT;ORD;83;404;557
MRY;LAX;74;325;2933
MRY;PHX;112;441;1218
MRY;SFO;42;191;1503
MSN;CID;49;186;1
MSN;DEN;134;544;1422
MSN;DFW;143;645;1781
MSN;DTW;74;348;2786
MSN;LGA;141;571;284
MSN;MSP;62;216;2504
MSN;ORD;54;193;6013
MSN;SAN;242;645;1
MSO;DEN;122;539;1110
MSO;ORD;180;469;2
MSO;SEA;97;399;26
MSP;ABQ;153;736;428
MSP;ALB;149;572;399
MSP;ASE;150;395;42
MSP;ATL;148;413;9381
MSP;ATW;68;273;1023
MSP;AUS;162;778;317
MSP;AZO;92;248;230
MSP;BDL;159;401;1687
MSP;BIL;118;334;1285
MSP;BMI;95;312;138
MSP;BZN;138;424;1375
MSP;CLT;153;648;4236
MSP;CVG;117;509;834
MSP;CWA;61;193;50
MSP;DAY;111;428;1163
MSP;DEN;117;563;10937
MSP;DFW;144;421;5047
MSP;DIK;97;455;1177
MSP;DSM;71;288;447
MSP;DTW;104;476;5283
MSP;EGE;148;401;2
MSP;EWR;168;564;2543
MSP;FAI;321;1143;247
MSP;FAR;63;270;3419
MSP;FCA;156;656;405
MSP;FLL;215;619;1213
MSP;FNT;97;449;877
MSP;FSD;62;242;2525
MSP;FWA;102;330;545
MSP;GRB;67;265;2099
MSP;GTF;142;457;606
MSP;HLN;145;610;456
MSP;HNL;494;1832;90
MSP;IAH;169;680;3367
MSP;ICT;112;552;1261
MSP;IDA;146;557;38
MSP;IMT;69;304;662
MSP;INL;69;176;482
MSP;JAC;135;535;266
MSP;LAN;97;292;1026
MSP;LEX;124;393;108
MSP;LNK;83;254;761
MSP;LSE;53;248;963
MSP;MBS;96;442;153
MSP;MDW;85;296;5848
MSP;MEM;121;457;892
MSP;MIA;221;739;1681
MSP;MLI;81;305;121
MSP;MSO;157;422;856
MSP;MSY;157;451;659
MSP;OMA;72;219;2543
MSP;ORD;87;289;12399
MSP;PIA;97;336;39
MSP;PSC;185;905;512
MSP;PSP;205;576;308
MSP;RAP;98;411;2623
MSP;RNO;199;869;58
MSP;ROC;125;385;246
MSP;RST;47;176;794
MSP;RSW;204;917;1824
MSP;SAT;169;532;407
MSP;SDF;124;556;194
MSP;SJU;323;1126;91
MSP;SMF;211;956;1079
MSP;SYR;135;667;342
MSP;TUL;122;476;864
MSP;TUS;191;514;356
MSP;TVC;82;229;219
MSP;XNA;118;359;919
MSY;ATL;87;285;11086
MSY;BNA;83;354;2051
MSY;CLT;114;376;2970
MSY;CMH;129;543;1
MSY;DCA;149;388;1430
MSY;DEN;159;482;3120
MSY;DFW;90;430;5137
MSY;EWR;180;494;2123
MSY;HOU;64;267;6000
MSY;IAH;71;262;5370
MSY;JFK;184;509;2172
MSY;LAS;205;612;1399
MSY;LGA;188;869;891
MSY;MCO;99;337;2276
MSY;MIA;116;373;1239
MSY;OAK;251;1203;354
MSY;PHL;172;848;707
MSY;SAT;85;226;475
MSY;SFO;259;1209;426
MSY;STL;97;296;1133
MSY;TPA;87;412;1940
MTJ;DEN;60;295;886
MYR;BWI;81;402;399
MYR;CRW;70;214;128
MYR;FLL;100;379;745
MYR;IAG;110;329;230
MYR;LBE;85;382;386
MYR;LGA;113;473;1252
MYR;ORD;128;550;472
MYR;PBG;129;424;101
MYR;PHL;91;365;377
OAJ;ATL;85;397;2238
OAK;AUS;212;697;666
OAK;BNA;260;1214;353
OAK;BWI;324;1461;641
OAK;DAL;208;1021;1180
OAK;DEN;145;411;2461
OAK;FLL;311;1003;1
OAK;HNL;319;1183;1037
OAK;HOU;228;1006;1255
OAK;KOA;310;1316;667
OAK;LAS;83;398;6885
OAK;LAX;77;291;12113
OAK;LGB;75;330;1986
OAK;LIH;318;813;381
OAK;MCI;205;578;591
OAK;OGG;307;962;1327
OAK;ORD;259;921;658
OAK;PDX;94;323;3564
OAK;PHX;112;314;5002
OAK;SAN;83;262;6906
OAK;SLC;102;440;4210
OAK;SNA;78;338;4930
OGG;BLI;355;1221;175
OKC;ATL;125;314;3904
OKC;DFW;59;259;5242
OKC;DTW;147;709;644
OKC;FLL;178;836;1
OKC;IAD;185;500;10
OKC;IAH;88;297;2005
OKC;LAX;182;845;625
OKC;MDW;114;427;661
OKC;MSP;128;384;734
OKC;ORD;126;365;3522
OKC;PHX;128;442;1302
OKC;SFO;207;544;657
OKC;SLC;139;523;1204
OMA;ATL;134;466;3153
OMA;DAL;99;273;226
OMA;DCA;155;515;1
OMA;DEN;89;282;4093
OMA;DFW;108;494;2645
OMA;DTW;117;412;1354
OMA;EWR;182;623;1125
OMA;IAH;136;588;2329
OMA;MDW;82;341;3287
OMA;ORD;93;431;3889
OMA;PDX;237;1073;1
OMA;PHX;157;714;2497
OMA;STL;67;232;1852
ONT;DEN;133;602;2304
ONT;DFW;179;745;2811
ONT;MDW;237;887;641
ONT;OAK;70;177;4246
ONT;PDX;133;468;1431
ONT;PHX;69;209;5921
ONT;SEA;151;578;1785
ONT;SFO;83;247;4245
ONT;SLC;103;410;1879
ONT;SMF;73;218;4035
ORD;ABE;121;379;1284
ORD;ACY;126;528;288
ORD;ANC;377;1068;1263
ORD;ATL;118;550;12645
ORD;AUS;160;766;4396
ORD;BHM;118;483;1955
ORD;BIL;171;794;92
ORD;BIS;131;415;645
ORD;BMI;52;210;1796
ORD;BOS;150;431;12746
ORD;BZN;182;584;487
ORD;CHA;104;274;728
ORD;CHS;135;585;1872
ORD;CMX;86;420;1234
ORD;DEN;150;586;10989
ORD;DSM;78;271;6026
ORD;DTW;79;255;8259
ORD;EGE;163;620;201
ORD;ELP;185;581;1107
ORD;EWR;136;390;7345
ORD;FAI;365;1105;145
ORD;FCA;212;545;254
ORD;FLL;185;810;4999
ORD;GSO;114;516;964
ORD;GSP;114;350;1603
ORD;GUC;171;486;38
ORD;HDN;168;809;46
ORD;HNL;512;1576;656
ORD;IAD;112;462;3602
ORD;IAH;158;420;8310
ORD;IND;64;285;5780
ORD;JAC;180;704;634
ORD;JAX;150;589;1024
ORD;LBE;95;456;295
ORD;LGA;139;609;18280
ORD;MBS;69;207;2278
ORD;MCO;165;537;8698
ORD;MDT;111;421;3083
ORD;MKG;56;163;1235
ORD;MSY;144;588;2705
ORD;MTJ;174;821;228
ORD;OGG;502;1975;226
ORD;PIT;89;376;3563
ORD;PNS;143;498;432
ORD;PSP;238;660;682
ORD;PWM;153;713;581
ORD;RAP;140;544;750
ORD;RST;74;267;2512
ORD;SAN;245;1154;5266
ORD;SDF;82;292;2204
ORD;SJU;288;1025;2025
ORD;SMF;250;641;1051
ORD;SRQ;163;603;618
ORD;STT;300;1340;91
ORD;TOL;64;169;1798
ORF;ATL;98;388;5292
ORF;CLT;72;351;1195
ORF;DFW;185;739;1226
ORF;EWR;81;289;1221
ORF;JFK;85;319;218
ORF;MCO;109;535;853
ORF;MDW;118;310;1053
ORF;MIA;145;600;451
ORF;MSP;168;514;181
ORF;ORD;132;531;1571
OTZ;OME;45;159;310
PAH;ORD;85;366;1246
PBG;FLL;191;737;458
PBI;ATL;105;399;8354
PBI;BWI;143;389;1918
PBI;CLT;110;502;3211
PBI;DFW;172;769;1657
PBI;EWR;165;477;5025
PBI;IAH;158;680;741
PBI;JFK;166;655;3713
PBI;LGA;171;477;5659
PBI;ORD;180;489;1143
PBI;PHL;160;644;2170
PDX;ATL;287;730;2171
PDX;AUS;239;1144;198
PDX;BOS;341;1437;972
PDX;BUR;129;339;1901
PDX;BZN;93;445;229
PDX;CLT;306;1281;510
PDX;DCA;316;1062;668
PDX;DEN;151;614;6810
PDX;DFW;229;691;3594
PDX;EWR;324;1207;648
PDX;FAT;107;477;199
PDX;HNL;343;924;1425
PDX;HOU;247;846;125
PDX;IAD;310;1360;480
PDX;IAH;251;896;1529
PDX;JFK;337;1211;1692
PDX;KOA;343;1655;353
PDX;LAX;140;523;6540
PDX;LGB;135;418;1495
PDX;MCI;204;969;666
PDX;MDW;245;732;1275
PDX;MSP;201;766;2581
PDX;OGG;335;1224;1154
PDX;ORD;245;1144;4235
PDX;PHX;155;669;6178
PDX;SAN;144;649;3371
PDX;SBA;126;326;664
PDX;SEA;52;180;3667
PDX;SFO;103;397;8313
PDX;SJC;100;274;4489
PDX;SLC;107;426;4665
PDX;SMF;82;298;3167
PDX;SNA;139;401;2276
PDX;STL;241;699;302
PDX;TUS;166;578;430
PHF;ATL;101;363;2465
PHL;ATL;125;425;13045
PHL;BNA;117;313;1222
PHL;BWI;56;181;14
PHL;CHS;100;446;22
PHL;CLE;91;368;205
PHL;CLT;100;378;6406
PHL;DEN;227;787;4209
PHL;DFW;202;836;7055
PHL;DTW;99;301;3949
PHL;FLL;163;625;3758
PHL;IAH;204;587;4280
PHL;IND;116;380;541
PHL;LAS;297;1066;4225
PHL;MCO;147;513;9576
PHL;MSP;159;578;4681
PHL;ORD;128;374;9237
PHL;PDX;322;1196;291
PHL;PHX;286;848;4797
PHL;PVD;71;183;564
PHL;RIC;63;193;12
PHL;RSW;166;812;1888
PHL;SJU;240;768;2040
PHL;SLC;273;830;1207
PHL;SMF;323;854;150
PHL;STL;134;585;1219
PHL;STT;240;1184;400
PHX;ATL;226;839;7253
PHX;BUR;79;279;3751
PHX;BWI;274;1234;3173
PHX;CLT;250;941;5626
PHX;DAL;140;416;2891
PHX;DFW;145;502;8152
PHX;DSM;175;784;407
PHX;DTW;236;1152;5408
PHX;ELP;72;288;2885
PHX;FLG;51;155;3217
PHX;HNL;377;1596;2238
PHX;IAD;267;1201;662
PHX;IAH;160;650;6499
PHX;KOA;363;1815;571
PHX;LGB;92;256;2
PHX;LIH;378;1080;670
PHX;MIA;275;1113;1230
PHX;MSP;187;615;8081
PHX;MSY;186;884;787
PHX;MTJ;100;388;75
PHX;OGG;363;1513;1088
PHX;ORD;213;631;8706
PHX;RDU;260;981;517
PHX;SLC;94;255;10905
PHX;TUS;51;173;2286
PIA;ATL;108;276;1767
PIA;DEN;165;518;8
PIA;DTW;83;286;729
PIA;ORD;55;170;4142
PIB;DFW;103;504;235
PIB;MEI;33;101;889
PIH;SLC;51;238;1302
PIT;ATL;98;343;6474
PIT;BNA;84;252;660
PIT;CLT;86;215;4845
PIT;DCA;65;320;5
PIT;DEN;187;581;1995
PIT;DFW;166;651;2789
PIT;DTW;62;202;1054
PIT;FLL;155;421;1526
PIT;IAH;176;802;1642
PIT;JFK;97;440;319
PIT;LAS;256;879;1196
PIT;LAX;295;1068;504
PIT;MCO;131;648;2899
PIT;MDW;80;390;3425
PIT;MSP;122;419;1018
PIT;PBI;147;702;10
PIT;PHL;78;210;1773
PIT;PHX;250;919;1947
PIT;RSW;147;648;882
PLN;DTW;70;338;1461
PNS;ATL;70;311;4504
PNS;BNA;73;357;1185
PNS;DFW;114;311;2228
PNS;IAH;98;289;2770
PNS;MDW;123;425;58
PNS;MIA;105;346;961
PSC;DEN;144;679;1370
PSC;SFO;112;461;705
PSE;JFK;230;667;649
PSE;MCO;171;786;826
PSG;JNU;43;119;654
PSP;DEN;131;533;1948
PSP;DFW;174;496;1404
PSP;IAH;191;675;573
PSP;LAX;55;205;1438
PSP;PDX;140;608;554
PSP;PHX;71;279;3401
PSP;SFO;89;359;4237
PSP;SLC;101;365;1485
PVD;ATL;148;529;1868
PVD;BWI;73;313;4890
PVD;CLT;124;606;2049
PVD;FLL;180;900;1540
PVD;MCO;164;631;3962
PVD;ORD;150;538;988
PVD;PBI;174;438;64
PVD;RSW;178;759;97
PVD;TPA;170;683;1330
PWM;CLT;138;605;651
PWM;JFK;74;201;2281
RAP;DEN;73;261;1127
RAP;DFW;143;628;994
RAP;SLC;103;432;837
RDM;DEN;150;673;942
RDM;LAX;128;419;474
RDM;SFO;94;416;1628
RDU;ATL;80;326;9350
RDU;BDL;100;375;359
RDU;BNA;83;246;1960
RDU;BOS;113;312;2993
RDU;BWI;63;222;3820
RDU;CLT;56;244;4206
RDU;DAL;155;730;227
RDU;DEN;208;547;1787
RDU;DFW;167;534;3133
RDU;DTW;99;284;1908
RDU;FLL;118;392;1244
RDU;HOU;156;557;1004
RDU;IAH;169;739;972
RDU;JFK;98;389;2972
RDU;LAS;273;1110;662
RDU;LGA;101;375;3452
RDU;MCO;95;347;1931
RDU;MDW;108;364;2077
RDU;MIA;125;348;2016
RDU;MSP;153;675;916
RDU;ORD;122;525;3771
RDU;PHF;50;155;1
RDU;PHL;82;410;1656
RDU;SFO;318;1316;1016
RDU;STL;112;346;962
RDU;TPA;100;264;1714
RHI;MSP;63;298;1321
RIC;ATL;94;435;7074
RIC;CAE;88;312;1
RIC;CLT;69;232;2666
RIC;DFW;177;858;1558
RIC;DTW;98;445;1722
RIC;EWR;81;286;1881
RIC;FLL;131;419;659
RIC;IAD;47;233;70
RIC;IAH;184;874;1013
RIC;LGA;87;238;2566
RIC;MCO;113;504;1361
RIC;MIA;146;698;101
RIC;MSP;157;457;640
RIC;ORD;123;385;4017
RKS;SLC;54;165;58
RNO;DEN;129;537;2713
RNO;DFW;198;601;1457
RNO;LAS;72;184;6383
RNO;MDW;231;1118;431
RNO;ORD;241;1100;739
RNO;PHX;103;353;3414
RNO;SAN;85;351;1326
RNO;SFO;65;296;3142
RNO;SLC;83;403;1906
ROA;ORD;110;540;1493
ROC;ATL;125;383;1929
ROC;CLT;111;466;615
ROC;EWR;75;198;1406
ROC;JFK;77;360;2141
ROC;LGA;79;292;337
ROC;MCO;155;676;784
ROC;MDW;98;277;992
ROC;ORD;106;374;3213
ROC;TPA;160;706;621
RST;CLE;91;311;1
RSW;ATL;100;367;7794
RSW;BOS;194;541;3189
RSW;CAK;153;727;389
RSW;CLT;113;500;3426
RSW;DCA;146;385;1595
RSW;DEN;228;727;766
RSW;DFW;161;444;2275
RSW;DTW;167;447;3215
RSW;EWR;172;668;2706
RSW;FNT;170;586;96
RSW;IAH;140;426;1219
RSW;ISP;168;722;54
RSW;JFK;175;507;2383
RSW;LGA;181;702;1498
RSW;MDW;165;781;2306
RSW;ORD;175;564;3596
SAF;DEN;73;288;573
SAN;ATL;257;1089;4066
SAN;AUS;166;573;1259
SAN;BOI;129;459;659
SAN;BWI;306;1156;1395
SAN;CLT;284;1113;1416
SAN;CVG;246;921;7
SAN;DAL;172;619;1424
SAN;DEN;134;435;8033
SAN;DFW;177;874;6484
SAN;DTW;269;974;1413
SAN;EWR;327;1361;1924
SAN;HNL;346;1405;1272
SAN;HOU;184;521;1359
SAN;IAD;299;1053;2262
SAN;IAH;190;692;3683
SAN;JFK;337;1216;3349
SAN;LAS;66;325;8106
SAN;LAX;52;200;9077
SAN;LIH;347;1483;398
SAN;MCO;291;968;1002
SAN;MDW;239;1151;2300
SAN;MKE;234;784;36
SAN;MSP;216;754;2134
SAN;MSY;215;996;664
SAN;OGG;332;1133;757
SAN;PHL;320;1001;1539
SAN;PHX;69;190;10130
SAN;SEA;162;525;6355
SAN;SJC;77;233;5951
SAN;SLC;109;423;4515
SAT;ATL;141;535;5696
SAT;BNA;128;347;1126
SAT;BWI;203;737;1561
SAT;CLT;169;631;709
SAT;DAL;59;175;6011
SAT;DFW;67;184;9163
SAT;DTW;187;877;962
SAT;ELP;83;219;1587
SAT;EWR;233;1095;500
SAT;IAH;60;181;4552
SAT;JFK;238;1113;523
SAT;LAX;179;671;3075
SAT;MCO;157;653;984
SAT;MIA;177;557;413
SAT;ORD;169;659;2069
SAT;PHL;224;717;452
SAT;PHX;133;570;3067
SAT;SAN;160;762;1252
SAT;SFO;221;900;714
SAT;SLC;163;428;1111
SAT;STL;122;586;1225
SAT;TPA;145;480;648
SAV;ATL;63;216;6248
SAV;DFW;158;483;1391
SAV;EWR;133;437;1246
SAV;IAH;145;589;888
SAV;LGA;135;384;819
SAV;ORD;137;569;1698
SBA;DEN;152;520;1278
SBA;LAX;52;181;2855
SBA;PHX;93;434;2022
SBA;SFO;70;175;4065
SBN;ATL;112;386;2219
SBN;COS;176;585;1
SBN;DTW;59;161;2571
SBN;IAH;138;569;1
SBN;MSP;92;364;1099
SBN;ORD;49;177;2186
SBP;LAX;63;172;2688
SBP;PHX;100;436;1415
SCC;BRW;48;175;813
SCE;DTW;71;303;416
SCE;ORD;108;480;1269
SDF;ATL;79;371;5433
SDF;DEN;160;777;1095
SDF;DTW;81;338;154
SDF;EWR;129;405;1268
SDF;IAD;98;286;20
SDF;LAS;223;964;680
SDF;MCO;119;437;730
SDF;MDW;66;165;2259
SDF;PHX;212;877;664
SDF;TPA;118;443;744
SEA;ABQ;175;534;812
SEA;ATL;295;1418;5325
SEA;AUS;245;915;919
SEA;BOS;339;1606;2944
SEA;BWI;318;1179;1380
SEA;BZN;104;406;229
SEA;CHS;330;833;52
SEA;DEN;160;668;10168
SEA;DFW;239;883;6977
SEA;DTW;267;1053;3780
SEA;EWR;329;1285;2967
SEA;FLL;366;996;666
SEA;HDN;144;672;96
SEA;HNL;353;1634;3467
SEA;IAD;312;1409;2185
SEA;IAH;262;683;4368
SEA;JAC;122;562;44
SEA;JFK;339;1022;4145
SEA;JNU;145;705;2517
SEA;KOA;357;1573;1173
SEA;KTN;117;416;2608
SEA;LAS;147;474;9993
SEA;LIH;353;1588;1112
SEA;MCI;212;712;975
SEA;MCO;345;1243;874
SEA;MDW;248;758;2017
SEA;MIA;367;948;684
SEA;MKE;238;608;1075
SEA;MSP;202;979;5087
SEA;MSY;286;972;663
SEA;OAK;117;454;6436
SEA;OGG;347;1708;2471
SEA;OKC;228;634;303
SEA;OMA;198;773;666
SEA;ORD;248;670;7803
SEA;PHL;328;1325;1949
SEA;PHX;171;816;11489
SEA;PSC;62;303;347
SEA;PSP;159;616;1674
SEA;RDU;320;868;121
SEA;SAT;244;954;667
SEA;SBA;142;457;896
SEA;SFO;123;589;13667
SEA;SIT;138;367;590
SEA;SJC;123;575;8027
SEA;SLC;119;357;6902
SEA;SMF;107;514;6845
SEA;SNA;159;594;5489
SEA;STL;238;865;962
SEA;TPA;339;1209;667
SEA;TUS;179;884;743
SFO;ANC;273;736;329
SFO;ATL;288;1196;6218
SFO;BWI;326;1203;578
SFO;BZN;142;611;360
SFO;CEC;91;261;348
SFO;CLT;312;954;3625
SFO;DAL;212;1047;2625
SFO;DCA;327;1428;1313
SFO;DEN;151;426;10324
SFO;DFW;216;1046;8927
SFO;DTW;284;1077;2613
SFO;EWR;344;1312;9882
SFO;FLL;343;972;2469
SFO;HDN;137;344;26
SFO;IAD;320;1045;7025
SFO;IAH;234;964;6779
SFO;JAC;133;422;326
SFO;KOA;308;856;1369
SFO;LAX;83;352;26509
SFO;LGB;80;297;1973
SFO;LIH;316;804;856
SFO;MIA;344;938;2030
SFO;MKE;250;922;757
SFO;MMH;66;240;262
SFO;MSN;238;609;3
SFO;MSO;134;474;90
SFO;MSP;228;574;4869
SFO;MTJ;130;637;58
SFO;OGG;306;1186;2813
SFO;OMA;198;968;2
SFO;ORD;260;650;14517
SFO;OTH;91;414;477
SFO;PHL;339;1371;4097
SFO;PHX;117;336;9643
SFO;PIT;299;1294;529
SFO;RDD;65;260;1412
SFO;SAN;88;372;13515
SFO;SBP;62;156;2025
SFO;SLC;115;452;6149
SFO;SMF;50;198;3079
SFO;SMX;63;296;811
SFO;SUN;115;527;303
SGF;ATL;106;519;2557
SGF;CLT;139;507;223
SGF;DEN;118;464;1156
SGF;DFW;85;366;4278
SGF;ORD;97;335;3868
SHV;ATL;102;385;3996
SHV;DEN;138;576;622
SHV;DFW;62;195;4363
SHV;IAH;60;280;2880
SIT;KTN;51;236;662
SJC;AUS;207;692;1211
SJC;DAL;206;663;589
SJC;DEN;148;718;4174
SJC;HNL;321;1386;1107
SJC;KOA;310;1078;385
SJC;LAS;78;374;5558
SJC;LAX;75;277;12390
SJC;LIH;319;1166;380
SJC;MDW;256;1100;656
SJC;MSP;225;744;915
SJC;OGG;308;1003;1330
SJC;ONT;66;300;2608
SJC;ORD;261;740;1301
SJC;PHX;107;381;6181
SJC;SLC;112;487;3325
SJC;SNA;71;257;5351
SJU;ATL;217;993;2824
SJU;BDL;229;696;898
SJU;BOS;236;903;2080
SJU;DFW;293;1253;1166
SJU;EWR;236;1068;2356
SJU;FLL;155;653;5546
SJU;IAH;267;670;1042
SJU;JFK;231;780;8777
SJU;MCO;171;822;7073
SJU;MIA;160;730;4849
SJU;STT;34;139;1386
SJU;STX;38;117;665
SJU;TPA;175;729;2169
SLC;ANC;274;1254;196
SLC;ATL;225;792;5075
SLC;BOI;68;286;3149
SLC;BZN;78;326;2113
SLC;CDC;58;167;1142
SLC;CLT;246;943;1230
SLC;CNY;54;137;410
SLC;COD;76;358;673
SLC;DAL;154;394;228
SLC;DEN;85;238;11938
SLC;DFW;159;676;5864
SLC;DTW;215;736;2771
SLC;EWR;280;1123;578
SLC;FAR;139;546;481
SLC;FCA;100;478;1763
SLC;GCC;86;223;660
SLC;GJT;63;207;1234
SLC;HNL;377;1063;645
SLC;HOU;172;670;18
SLC;IAH;184;538;3997
SLC;JAC;58;260;1886
SLC;LAX;112;322;11035
SLC;MCI;146;379;1220
SLC;MDW;188;699;1523
SLC;MEM;184;810;109
SLC;MSN;174;857;407
SLC;MSO;89;256;1995
SLC;MSP;154;543;3700
SLC;MSY;205;721;607
SLC;OMA;140;501;963
SLC;ORD;196;762;5149
SLC;PSC;97;367;1859
SLC;RDM;97;331;1186
SLC;SGU;67;300;2381
SLC;WYS;67;238;415
SLC;XNA;154;530;2
SMF;DAL;201;524;473
SMF;DEN;141;414;4736
SMF;DFW;209;544;2594
SMF;HNL;329;955;666
SMF;IAD;315;1274;465
SMF;IAH;228;855;1276
SMF;LAS;80;387;4971
SMF;LAX;84;271;10973
SMF;MDW;246;681;815
SMF;OGG;313;1305;667
SMF;PHX;109;378;6298
SMF;SAN;85;388;5549
SMF;SLC;99;331;2949
SNA;ATL;262;1119;1921
SNA;DEN;134;541;6615
SNA;DFW;181;482;5604
SNA;EWR;326;914;1468
SNA;IAH;196;755;2926
SNA;MDW;238;917;308
SNA;MSP;217;966;1828
SNA;ORD;245;1037;4224
SNA;PHX;73;247;7630
SNA;SFO;84;324;8419
SNA;SLC;107;521;3124
SNA;SMF;80;202;4226
SNA;STL;217;859;80
SPI;DFW;117;490;1128
SPI;ORD;60;223;1910
STC;ORD;93;331;154
STL;ATL;93;272;7006
STL;BOS;164;446;1322
STL;CLT;113;557;1872
STL;DFW;103;347;4953
STL;DTW;90;414;2637
STL;EWR;151;670;3506
STL;FLL;160;604;977
STL;HOU;114;533;2406
STL;LAS;192;774;2839
STL;LGA;151;641;3023
STL;MDW;61;251;4155
STL;MIA;169;692;1196
STL;MSP;87;260;4504
STL;OKC;81;216;829
STL;ORD;74;338;5202
STL;PHX;182;517;4224
STL;RSW;147;539;1082
STL;SAN;212;802;365
STL;SFO;244;762;1752
STL;SLC;173;697;952
STL;TPA;132;595;1450
STL;TTN;142;639;6
STL;TUL;68;302;665
STT;ATL;223;760;1251
STT;MIA;166;503;1858
STX;MIA;171;844;1069
SUN;SLC;57;161;1204
SUX;ORD;97;300;1180
SWF;PBI;178;638;2
SWF;RSW;182;763;1
SWF;TPA;172;849;2
SYR;ATL;131;557;1917
SYR;CLT;117;438;1180
SYR;IAD;82;218;48
SYR;JFK;72;338;1961
SYR;ORD;116;505;3125
TLH;DFW;137;401;1269
TLH;MIA;85;325;844
TPA;ATL;86;379;14053
TPA;AUS;141;440;669
TPA;BNA;102;309;2398
TPA;BOS;184;670;2165
TPA;BUF;154;552;1106
TPA;BWI;136;595;4284
TPA;CAK;135;567;738
TPA;CLT;99;317;5708
TPA;DAY;130;390;233
TPA;DCA;134;524;5295
TPA;DEN;213;898;3145
TPA;DFW;150;480;4909
TPA;DTW;153;553;4248
TPA;EWR;162;669;4141
TPA;FLL;56;165;3802
TPA;FNT;155;500;458
TPA;HOU;124;509;1920
TPA;IAH;130;630;3481
TPA;ILG;150;656;68
TPA;IND;130;469;1797
TPA;JFK;166;694;4980
TPA;LAX;294;1100;1200
TPA;LGA;168;811;3800
TPA;MCI;155;434;979
TPA;MIA;63;208;3969
TPA;MSP;190;725;2133
TPA;ORD;161;799;4781
TPA;ORF;116;489;18
TPA;PHL;152;622;4727
TPA;PHX;249;866;1987
TPA;PIT;134;338;1678
TPA;SFO;362;1643;1
TPA;SLC;274;1347;2
TRI;ATL;63;313;3818
TTN;ATL;128;406;642
TTN;BNA;123;461;4
TTN;CLT;101;303;583
TTN;CVG;106;303;6
TTN;FLL;164;710;449
TTN;IND;116;556;4
TTN;MCO;150;404;951
TTN;MDW;126;560;88
TTN;MKE;125;611;4
TTN;MSP;162;481;304
TTN;ORD;126;511;441
TTN;PBI;164;569;108
TTN;RDU;81;344;546
TTN;RSW;165;749;322
TTN;TPA;154;674;359
TTN;UST;131;449;284
TUL;ATL;115;409;3017
TUL;AUS;138;572;1
TUL;DAL;57;155;1852
TUL;DFW;67;203;5136
TUL;EWR;206;594;6
TUL;IAD;170;663;10
TUL;IAH;93;457;3529
TUL;LAS;158;553;665
TUL;MDW;100;482;650
TUL;MIA;179;722;93
TUL;ORD;114;311;4033
TUL;PHX;141;355;1174
TUL;SLC;148;446;577
TUS;DEN;114;392;3694
TUS;DFW;134;480;4277
TUS;HOU;140;456;16
TUS;IAH;151;464;2263
TUS;LAX;90;261;5229
TUS;MDW;202;595;987
TUS;ORD;211;696;1194
TUS;SAN;70;343;1828
TUS;SFO;131;444;1273
TUS;SLC;111;379;1877
TVC;ORD;68;274;3395
TWF;SLC;52;236;1611
TYR;DFW;50;203;3067
TYS;DEN;182;738;558
TYS;DFW;135;521;3141
TYS;EWR;120;501;574
TYS;IAD;90;433;42
TYS;IAH;134;628;1521
TYS;ORD;100;306;4033
VEL;SLC;45;208;397
VLD;ATL;62;192;1846
VPS;ATL;69;228;4376
VPS;DFW;123;383;3360
VPS;IAH;106;513;1751
WRG;PSG;24;89;651
XNA;DEN;115;484;723
XNA;DFW;73;197;4280
XNA;ORD;106;437;4963
XNA;SFO;228;631;102
YAK;CDV;49;194;652
YUM;PHX;57;149;3710
